{
  "tbtc": [
    [
      1724630400000,
      64028.29641105707
    ],
    [
      1724716800000,
      62945.34710912703
    ],
    [
      1724803200000,
      59419.71109529349
    ],
    [
      1724889600000,
      59085.43646045046
    ],
    [
      1724976000000,
      59274.68628464174
    ],
    [
      1725062400000,
      59172.15300589424
    ],
    [
      1725148800000,
      59016.95136140154
    ],
    [
      1725235200000,
      57307.4093977946
    ],
    [
      1725321600000,
      59018.410038365626
    ],
    [
      1725408000000,
      57575.82250527644
    ],
    [
      1725494400000,
      57882.0660741721
    ],
    [
      1725580800000,
      56092.33483596101
    ],
    [
      1725667200000,
      53772.68366342015
    ],
    [
      1725753600000,
      54202.02766612293
    ],
    [
      1725840000000,
      54718.04296095082
    ],
    [
      1725926400000,
      57081.67279047487
    ],
    [
      1726012800000,
      57558.59756293489
    ],
    [
      1726099200000,
      57487.20084467488
    ],
    [
      1726185600000,
      58155.67960202661
    ],
    [
      1726272000000,
      60441.93117687604
    ],
    [
      1726358400000,
      59969.61152878621
    ],
    [
      1726444800000,
      59071.48201998326
    ],
    [
      1726531200000,
      58126.5077067553
    ],
    [
      1726617600000,
      60267.82280817384
    ],
    [
      1726704000000,
      61286.38290655752
    ],
    [
      1726790400000,
      62815.019607999966
    ],
    [
      1726876800000,
      63211.40946796605
    ],
    [
      1726963200000,
      63595.96811194554
    ],
    [
      1727049600000,
      63644.76996776553
    ],
    [
      1727136000000,
      63235.506862202994
    ],
    [
      1727222400000,
      64226.22437094315
    ],
    [
      1727308800000,
      63117.11296270547
    ],
    [
      1727395200000,
      65041.31141313986
    ]
  ],
  "wrapped-bitcoin": [
    [
      1724630400000,
      64143.21543519986
    ],
    [
      1724716800000,
      62766.39668487233
    ],
    [
      1724803200000,
      59538.93637793206
    ],
    [
      1724889600000,
      59005.279786395164
    ],
    [
      1724976000000,
      59323.80815064616
    ],
    [
      1725062400000,
      59147.16226474135
    ],
    [
      1725148800000,
      58950.39024924899
    ],
    [
      1725235200000,
      57286.21814753754
    ],
    [
      1725321600000,
      59138.89126564323
    ],
    [
      1725408000000,
      57444.62608004339
    ],
    [
      1725494400000,
      57869.48257903349
    ],
    [
      1725580800000,
      56054.68919123479
    ],
    [
      1725667200000,
      53814.168614871196
    ],
    [
      1725753600000,
      53940.40109568798
    ],
    [
      1725840000000,
      54773.5423323696
    ],
    [
      1725926400000,
      57052.1054728216
    ],
    [
      1726012800000,
      57559.779156473975
    ],
    [
      1726099200000,
      57275.108987132444
    ],
    [
      1726185600000,
      58109.175868807964
    ],
    [
      1726272000000,
      60504.406775907446
    ],
    [
      1726358400000,
      59997.66983281439
    ],
    [
      1726444800000,
      59170.06751473335
    ],
    [
      1726531200000,
      58199.60048561652
    ],
    [
      1726617600000,
      60118.95436840432
    ],
    [
      1726704000000,
      61326.6766214049
    ],
    [
      1726790400000,
      62871.78089033351
    ],
    [
      1726876800000,
      63163.745164093016
    ],
    [
      1726963200000,
      63317.07910953527
    ],
    [
      1727049600000,
      63451.90615819269
    ],
    [
      1727136000000,
      63234.527211058274
    ],
    [
      1727222400000,
      64233.45599940665
    ],
    [
      1727308800000,
      62956.64986069903
    ],
    [
      1727395200000,
      64913.726097226536
    ]
  ],
  "ethereum": [
    [
      1724630400000,
      2745.164671605207
    ],
    [
      1724716800000,
      2683.0801154902983
    ],
    [
      1724803200000,
      2457.2773517547434
    ],
    [
      1724889600000,
      2527.0269814017706
    ],
    [
      1724976000000,
      2526.7383553003406
    ],
    [
      1725062400000,
      2527.690204915795
    ],
    [
      1725148800000,
      2513.3643501004462
    ],
    [
      1725235200000,
      2430.0202661439344
    ],
    [
      1725321600000,
      2534.9048168403706
    ],
    [
      1725408000000,
      2437.1471557556497
    ],
    [
      1725494400000,
      2448.30785784089
    ],
    [
      1725580800000,
      2367.7700509506026
    ],
    [
      1725667200000,
      2223.780428382685
    ],
    [
      1725753600000,
      2272.6972849951912
    ],
    [
      1725840000000,
      2296.4029520764498
    ],
    [
      1725926400000,
      2359.565766831627
    ],
    [
      1726012800000,
      2389.4740111256497
    ],
    [
      1726099200000,
      2342.9639236941434
    ],
    [
      1726185600000,
      2362.300238174588
    ],
    [
      1726272000000,
      2445.08621032297
    ],
    [
      1726358400000,
      2418.0828083179904
    ],
    [
      1726444800000,
      2322.6433317480564
    ],
    [
      1726531200000,
      2295.1348386540835
    ],
    [
      1726617600000,
      2341.0924132597524
    ],
    [
      1726704000000,
      2361.960992100706
    ],
    [
      1726790400000,
      2465.2347833172967
    ],
    [
      1726876800000,
      2557.6218555442515
    ],
    [
      1726963200000,
      2614.599604753501
    ],
    [
      1727049600000,
      2582.847683741262
    ],
    [
      1727136000000,
      2647.9931622033255
    ],
    [
      1727222400000,
      2653.844345308008
    ],
    [
      1727308800000,
      2578.566359563475
    ],
    [
      1727395200000,
      2630.94983700893
    ]
  ],
  "arbitrum": [
    [
      1724630400000,
      0.5969126213317162
    ],
    [
      1724716800000,
      0.5726656041397904
    ],
    [
      1724803200000,
      0.5258001029320495
    ],
    [
      1724889600000,
      0.5215854873914451
    ],
    [
      1724976000000,
      0.5125388466772236
    ],
    [
      1725062400000,
      0.5134512498583207
    ],
    [
      1725148800000,
      0.513338496141745
    ],
    [
      1725235200000,
      0.49039940071022026
    ],
    [
      1725321600000,
      0.5163951567418746
    ],
    [
      1725408000000,
      0.49470467110325317
    ],
    [
      1725494400000,
      0.49678834064423555
    ],
    [
      1725580800000,
      0.4968294324398477
    ],
    [
      1725667200000,
      0.4817220553854862
    ],
    [
      1725753600000,
      0.500386566827266
    ],
    [
      1725840000000,
      0.5080680392381355
    ],
    [
      1725926400000,
      0.5240430499344718
    ],
    [
      1726012800000,
      0.5342590090642595
    ],
    [
      1726099200000,
      0.5150643209182924
    ],
    [
      1726185600000,
      0.5246310171893491
    ],
    [
      1726272000000,
      0.5383008562827988
    ],
    [
      1726358400000,
      0.5309931343795851
    ],
    [
      1726444800000,
      0.5123383742083167
    ],
    [
      1726531200000,
      0.5100134521145613
    ],
    [
      1726617600000,
      0.5218291094108999
    ],
    [
      1726704000000,
      0.5264279420805428
    ],
    [
      1726790400000,
      0.557846200950803
    ],
    [
      1726876800000,
      0.5737981587693133
    ],
    [
      1726963200000,
      0.6163554246478289
    ],
    [
      1727049600000,
      0.6004454665595017
    ],
    [
      1727136000000,
      0.5994112388783323
    ],
    [
      1727222400000,
      0.6147926946698177
    ],
    [
      1727308800000,
      0.5983596261930252
    ],
    [
      1727395200000,
      0.6194186471852822
    ]
  ],